case_id,child_id,allegation_type,allegation_date,finding
1,312,educational_neglect,2024-05-18,indicated
1,410,emotional_abuse,2024-05-18,unfounded
1,123,neglect,2024-05-18,indicated
1,123,educational_neglect,2024-05-18,unfounded
2,8,medical_neglect,2024-04-10,unfounded
2,283,neglect,2024-04-10,indicated
2,283,medical_neglect,2024-04-10,pending
2,209,neglect,2024-04-10,indicated
2,209,neglect,2024-04-10,unfounded
3,485,medical_neglect,2024-11-16,unfounded
3,485,sexual_abuse,2024-11-16,indicated
3,61,medical_neglect,2024-11-16,indicated
4,478,neglect,2025-03-01,unfounded
4,367,sexual_abuse,2025-03-01,pending
4,367,sexual_abuse,2025-03-01,indicated
5,140,sexual_abuse,2023-08-17,unfounded
5,140,emotional_abuse,2023-08-17,unfounded
5,213,physical_abuse,2023-08-17,pending
5,428,medical_neglect,2023-08-17,unfounded
6,283,neglect,2025-07-21,unfounded
6,283,sexual_abuse,2025-07-21,unfounded
6,75,physical_abuse,2025-07-21,unfounded
6,75,physical_abuse,2025-07-21,pending
7,261,neglect,2023-02-18,indicated
7,261,neglect,2023-02-18,unfounded
7,383,neglect,2023-02-18,pending
7,383,neglect,2023-02-18,pending
7,451,emotional_abuse,2023-02-18,pending
7,451,medical_neglect,2023-02-18,unfounded
8,175,medical_neglect,2024-07-10,unfounded
8,175,emotional_abuse,2024-07-10,unfounded
8,479,emotional_abuse,2024-07-10,unfounded
8,479,emotional_abuse,2024-07-10,indicated
9,145,physical_abuse,2024-08-26,unfounded
10,429,emotional_abuse,2023-03-11,unfounded
10,429,educational_neglect,2023-03-11,indicated
10,301,physical_abuse,2023-03-11,unfounded
10,301,educational_neglect,2023-03-11,unfounded
11,444,neglect,2023-10-23,pending
11,444,medical_neglect,2023-10-23,indicated
11,77,emotional_abuse,2023-10-23,indicated
11,77,physical_abuse,2023-10-23,unfounded
12,177,sexual_abuse,2024-01-22,indicated
12,177,medical_neglect,2024-01-22,unfounded
12,171,educational_neglect,2024-01-22,unfounded
13,234,educational_neglect,2024-06-29,indicated
13,234,sexual_abuse,2024-06-29,unfounded
13,478,physical_abuse,2024-06-29,unfounded
14,123,medical_neglect,2024-07-09,unfounded
14,293,medical_neglect,2024-07-09,pending
14,293,educational_neglect,2024-07-09,pending
14,197,educational_neglect,2024-07-09,unfounded
15,382,physical_abuse,2025-08-21,unfounded
15,243,medical_neglect,2025-08-21,unfounded
16,340,emotional_abuse,2024-09-08,pending
16,406,neglect,2024-09-08,unfounded
17,494,neglect,2023-07-15,unfounded
17,19,physical_abuse,2023-07-15,pending
17,19,physical_abuse,2023-07-15,indicated
18,170,neglect,2023-12-06,pending
18,170,medical_neglect,2023-12-06,indicated
18,446,emotional_abuse,2023-12-06,unfounded
18,446,medical_neglect,2023-12-06,unfounded
18,52,emotional_abuse,2023-12-06,pending
19,8,sexual_abuse,2024-03-17,pending
19,370,physical_abuse,2024-03-17,unfounded
19,370,emotional_abuse,2024-03-17,unfounded
20,497,medical_neglect,2025-05-19,unfounded
20,80,emotional_abuse,2025-05-19,pending
20,80,sexual_abuse,2025-05-19,unfounded
20,39,neglect,2025-05-19,unfounded
21,355,medical_neglect,2024-03-16,indicated
21,204,sexual_abuse,2024-03-16,unfounded
21,333,physical_abuse,2024-03-16,unfounded
22,195,neglect,2023-10-20,unfounded
22,195,physical_abuse,2023-10-20,indicated
22,489,emotional_abuse,2023-10-20,pending
22,489,educational_neglect,2023-10-20,indicated
22,163,neglect,2023-10-20,unfounded
23,19,physical_abuse,2022-11-30,pending
23,19,neglect,2022-11-30,unfounded
23,317,sexual_abuse,2022-11-30,indicated
23,36,neglect,2022-11-30,unfounded
23,36,sexual_abuse,2022-11-30,pending
24,117,emotional_abuse,2023-07-13,unfounded
24,383,sexual_abuse,2023-07-13,pending
24,383,emotional_abuse,2023-07-13,indicated
25,390,neglect,2023-11-30,unfounded
26,447,physical_abuse,2025-08-13,unfounded
26,52,emotional_abuse,2025-08-13,pending
26,228,neglect,2025-08-13,indicated
26,228,sexual_abuse,2025-08-13,pending
27,24,sexual_abuse,2025-02-14,unfounded
28,151,medical_neglect,2024-04-22,unfounded
28,151,emotional_abuse,2024-04-22,indicated
29,221,emotional_abuse,2024-10-08,pending
29,75,emotional_abuse,2024-10-08,indicated
30,290,neglect,2024-04-13,unfounded
30,350,medical_neglect,2024-04-13,indicated
30,350,medical_neglect,2024-04-13,pending
31,41,physical_abuse,2025-07-22,unfounded
32,318,sexual_abuse,2025-02-28,unfounded
32,350,emotional_abuse,2025-02-28,indicated
32,350,neglect,2025-02-28,unfounded
33,74,physical_abuse,2023-05-03,unfounded
33,119,medical_neglect,2023-05-03,pending
33,119,physical_abuse,2023-05-03,pending
33,237,medical_neglect,2023-05-03,indicated
34,342,medical_neglect,2023-11-01,unfounded
34,342,emotional_abuse,2023-11-01,indicated
34,5,neglect,2023-11-01,unfounded
35,280,medical_neglect,2024-01-05,indicated
35,280,sexual_abuse,2024-01-05,unfounded
35,81,neglect,2024-01-05,unfounded
35,38,emotional_abuse,2024-01-05,unfounded
36,328,medical_neglect,2023-04-29,unfounded
36,328,sexual_abuse,2023-04-29,unfounded
36,493,sexual_abuse,2023-04-29,unfounded
36,493,educational_neglect,2023-04-29,indicated
37,234,medical_neglect,2022-11-26,unfounded
37,433,neglect,2022-11-26,indicated
37,433,physical_abuse,2022-11-26,unfounded
38,437,sexual_abuse,2025-02-14,unfounded
38,248,emotional_abuse,2025-02-14,unfounded
39,293,physical_abuse,2023-08-12,indicated
39,184,emotional_abuse,2023-08-12,unfounded
39,184,physical_abuse,2023-08-12,pending
40,152,educational_neglect,2024-09-14,unfounded
40,152,sexual_abuse,2024-09-14,unfounded
40,12,educational_neglect,2024-09-14,unfounded
40,12,emotional_abuse,2024-09-14,indicated
40,425,physical_abuse,2024-09-14,unfounded
40,425,educational_neglect,2024-09-14,unfounded
41,290,sexual_abuse,2024-05-05,indicated
41,290,physical_abuse,2024-05-05,indicated
42,499,medical_neglect,2025-07-10,indicated
42,499,sexual_abuse,2025-07-10,unfounded
42,26,educational_neglect,2025-07-10,pending
42,467,educational_neglect,2025-07-10,indicated
43,398,medical_neglect,2023-04-29,unfounded
43,410,neglect,2023-04-29,indicated
43,410,neglect,2023-04-29,pending
44,113,emotional_abuse,2025-10-05,indicated
44,326,emotional_abuse,2025-10-05,unfounded
44,326,medical_neglect,2025-10-05,unfounded
45,348,educational_neglect,2022-11-09,unfounded
45,387,medical_neglect,2022-11-09,unfounded
46,430,educational_neglect,2024-08-31,unfounded
46,71,educational_neglect,2024-08-31,unfounded
46,71,neglect,2024-08-31,indicated
46,322,emotional_abuse,2024-08-31,indicated
46,322,medical_neglect,2024-08-31,unfounded
47,159,emotional_abuse,2023-09-24,indicated
47,159,physical_abuse,2023-09-24,indicated
48,297,neglect,2023-05-09,unfounded
49,68,sexual_abuse,2025-05-18,pending
49,68,physical_abuse,2025-05-18,unfounded
49,47,neglect,2025-05-18,indicated
49,47,physical_abuse,2025-05-18,indicated
49,466,sexual_abuse,2025-05-18,pending
50,90,physical_abuse,2023-12-02,indicated
50,90,neglect,2023-12-02,indicated
50,103,educational_neglect,2023-12-02,unfounded
50,103,physical_abuse,2023-12-02,unfounded
51,272,emotional_abuse,2024-01-05,unfounded
51,257,neglect,2024-01-05,indicated
51,257,sexual_abuse,2024-01-05,indicated
52,468,educational_neglect,2025-01-26,pending
52,468,educational_neglect,2025-01-26,indicated
52,423,neglect,2025-01-26,unfounded
53,446,educational_neglect,2024-02-01,unfounded
53,174,neglect,2024-02-01,unfounded
53,174,sexual_abuse,2024-02-01,unfounded
53,412,physical_abuse,2024-02-01,indicated
53,412,medical_neglect,2024-02-01,unfounded
54,387,educational_neglect,2022-12-05,pending
55,371,neglect,2024-01-14,pending
55,346,educational_neglect,2024-01-14,indicated
55,204,physical_abuse,2024-01-14,indicated
56,8,medical_neglect,2023-06-25,pending
56,8,physical_abuse,2023-06-25,unfounded
56,136,physical_abuse,2023-06-25,pending
56,136,educational_neglect,2023-06-25,indicated
57,189,educational_neglect,2023-12-10,unfounded
57,345,educational_neglect,2023-12-10,unfounded
57,345,medical_neglect,2023-12-10,unfounded
58,300,neglect,2023-07-07,unfounded
58,300,emotional_abuse,2023-07-07,indicated
58,196,sexual_abuse,2023-07-07,unfounded
59,346,emotional_abuse,2024-02-11,indicated
59,346,sexual_abuse,2024-02-11,unfounded
60,13,educational_neglect,2025-01-21,pending
60,318,emotional_abuse,2025-01-21,unfounded
60,318,sexual_abuse,2025-01-21,pending
61,114,educational_neglect,2024-09-11,indicated
61,332,neglect,2024-09-11,unfounded
61,33,emotional_abuse,2024-09-11,pending
61,33,medical_neglect,2024-09-11,indicated
62,333,sexual_abuse,2023-05-31,indicated
62,333,neglect,2023-05-31,unfounded
62,210,physical_abuse,2023-05-31,indicated
62,210,sexual_abuse,2023-05-31,unfounded
63,485,medical_neglect,2023-08-24,pending
64,253,educational_neglect,2024-10-17,unfounded
64,60,educational_neglect,2024-10-17,indicated
65,70,neglect,2024-01-31,unfounded
65,70,physical_abuse,2024-01-31,unfounded
65,199,physical_abuse,2024-01-31,indicated
65,233,sexual_abuse,2024-01-31,unfounded
65,233,neglect,2024-01-31,unfounded
66,485,neglect,2023-06-30,unfounded
66,277,emotional_abuse,2023-06-30,indicated
66,277,neglect,2023-06-30,unfounded
66,215,sexual_abuse,2023-06-30,indicated
66,215,physical_abuse,2023-06-30,indicated
67,454,emotional_abuse,2025-10-08,pending
68,51,sexual_abuse,2024-01-25,unfounded
68,427,sexual_abuse,2024-01-25,indicated
68,251,neglect,2024-01-25,indicated
69,354,neglect,2024-02-29,indicated
69,354,educational_neglect,2024-02-29,indicated
70,228,medical_neglect,2024-08-04,indicated
70,228,neglect,2024-08-04,indicated
71,438,neglect,2023-05-12,unfounded
72,352,emotional_abuse,2023-12-19,unfounded
73,462,educational_neglect,2023-03-01,unfounded
73,462,neglect,2023-03-01,unfounded
73,331,neglect,2023-03-01,indicated
73,184,neglect,2023-03-01,pending
73,184,sexual_abuse,2023-03-01,pending
74,496,neglect,2023-04-18,pending
74,496,neglect,2023-04-18,pending
75,47,medical_neglect,2023-04-17,pending
75,340,sexual_abuse,2023-04-17,unfounded
76,306,emotional_abuse,2024-07-28,indicated
76,306,neglect,2024-07-28,unfounded
76,498,physical_abuse,2024-07-28,unfounded
76,498,medical_neglect,2024-07-28,unfounded
76,11,emotional_abuse,2024-07-28,unfounded
77,403,emotional_abuse,2022-11-27,indicated
77,403,emotional_abuse,2022-11-27,unfounded
78,36,sexual_abuse,2023-02-12,pending
79,301,emotional_abuse,2024-10-26,unfounded
80,169,medical_neglect,2025-04-18,unfounded
80,169,physical_abuse,2025-04-18,indicated
81,2,neglect,2024-03-06,unfounded
81,142,medical_neglect,2024-03-06,pending
81,440,medical_neglect,2024-03-06,unfounded
82,409,medical_neglect,2022-11-18,unfounded
82,90,educational_neglect,2022-11-18,unfounded
83,68,sexual_abuse,2023-11-22,unfounded
83,68,emotional_abuse,2023-11-22,indicated
84,405,educational_neglect,2025-03-31,unfounded
84,405,medical_neglect,2025-03-31,unfounded
84,404,physical_abuse,2025-03-31,unfounded
84,404,physical_abuse,2025-03-31,unfounded
85,9,neglect,2024-06-14,pending
85,90,physical_abuse,2024-06-14,indicated
86,380,medical_neglect,2024-01-12,pending
86,380,emotional_abuse,2024-01-12,indicated
87,59,sexual_abuse,2024-07-05,unfounded
87,59,medical_neglect,2024-07-05,indicated
87,382,physical_abuse,2024-07-05,unfounded
87,33,sexual_abuse,2024-07-05,unfounded
87,33,medical_neglect,2024-07-05,indicated
88,304,sexual_abuse,2024-08-27,unfounded
88,304,sexual_abuse,2024-08-27,pending
88,56,medical_neglect,2024-08-27,indicated
88,232,neglect,2024-08-27,unfounded
89,373,medical_neglect,2024-12-11,unfounded
90,155,emotional_abuse,2025-08-19,unfounded
90,235,physical_abuse,2025-08-19,indicated
90,235,physical_abuse,2025-08-19,indicated
90,330,neglect,2025-08-19,indicated
91,219,physical_abuse,2025-07-06,indicated
91,219,educational_neglect,2025-07-06,indicated
91,352,educational_neglect,2025-07-06,unfounded
91,352,educational_neglect,2025-07-06,pending
92,466,medical_neglect,2024-05-25,pending
92,466,educational_neglect,2024-05-25,unfounded
92,228,medical_neglect,2024-05-25,indicated
92,228,medical_neglect,2024-05-25,indicated
92,38,medical_neglect,2024-05-25,unfounded
92,38,sexual_abuse,2024-05-25,indicated
93,34,sexual_abuse,2023-02-08,unfounded
93,34,physical_abuse,2023-02-08,unfounded
94,320,emotional_abuse,2025-05-12,unfounded
94,325,emotional_abuse,2025-05-12,unfounded
95,167,neglect,2023-03-21,pending
95,196,educational_neglect,2023-03-21,unfounded
95,306,emotional_abuse,2023-03-21,unfounded
96,310,physical_abuse,2023-06-13,pending
96,221,educational_neglect,2023-06-13,pending
96,221,sexual_abuse,2023-06-13,unfounded
96,51,physical_abuse,2023-06-13,unfounded
96,51,emotional_abuse,2023-06-13,unfounded
97,450,neglect,2024-09-05,pending
97,394,neglect,2024-09-05,pending
97,394,neglect,2024-09-05,indicated
97,283,neglect,2024-09-05,unfounded
97,283,medical_neglect,2024-09-05,unfounded
98,455,physical_abuse,2023-08-14,unfounded
98,117,emotional_abuse,2023-08-14,indicated
98,117,physical_abuse,2023-08-14,pending
99,205,neglect,2022-12-31,unfounded
99,205,neglect,2022-12-31,pending
99,213,physical_abuse,2022-12-31,pending
100,219,physical_abuse,2023-07-13,unfounded
100,219,physical_abuse,2023-07-13,unfounded
100,161,educational_neglect,2023-07-13,unfounded
100,161,physical_abuse,2023-07-13,indicated
101,489,medical_neglect,2024-05-27,unfounded
101,489,physical_abuse,2024-05-27,indicated
101,79,physical_abuse,2024-05-27,unfounded
102,47,physical_abuse,2024-12-10,indicated
103,222,neglect,2025-09-27,indicated
103,222,neglect,2025-09-27,indicated
104,379,emotional_abuse,2025-03-04,indicated
104,191,sexual_abuse,2025-03-04,unfounded
104,416,sexual_abuse,2025-03-04,unfounded
105,490,physical_abuse,2023-05-22,unfounded
105,490,sexual_abuse,2023-05-22,indicated
105,288,educational_neglect,2023-05-22,indicated
105,288,physical_abuse,2023-05-22,indicated
105,169,educational_neglect,2023-05-22,indicated
105,169,neglect,2023-05-22,pending
106,448,physical_abuse,2024-07-17,indicated
106,341,physical_abuse,2024-07-17,unfounded
107,496,medical_neglect,2024-10-13,indicated
108,160,educational_neglect,2022-11-13,indicated
108,160,sexual_abuse,2022-11-13,unfounded
108,181,medical_neglect,2022-11-13,unfounded
108,181,emotional_abuse,2022-11-13,indicated
108,54,neglect,2022-11-13,indicated
109,337,medical_neglect,2023-03-02,unfounded
110,434,physical_abuse,2025-06-28,indicated
110,434,sexual_abuse,2025-06-28,indicated
111,433,neglect,2024-05-16,pending
111,285,physical_abuse,2024-05-16,unfounded
111,285,medical_neglect,2024-05-16,unfounded
112,294,physical_abuse,2025-02-02,unfounded
112,294,educational_neglect,2025-02-02,unfounded
112,116,emotional_abuse,2025-02-02,unfounded
113,315,physical_abuse,2023-03-19,unfounded
113,346,educational_neglect,2023-03-19,unfounded
113,346,medical_neglect,2023-03-19,indicated
113,330,emotional_abuse,2023-03-19,unfounded
113,330,medical_neglect,2023-03-19,unfounded
114,425,physical_abuse,2025-01-08,pending
114,425,sexual_abuse,2025-01-08,unfounded
114,356,medical_neglect,2025-01-08,unfounded
114,356,educational_neglect,2025-01-08,indicated
114,137,educational_neglect,2025-01-08,unfounded
114,137,emotional_abuse,2025-01-08,indicated
115,391,sexual_abuse,2023-03-02,unfounded
115,391,medical_neglect,2023-03-02,indicated
115,159,educational_neglect,2023-03-02,unfounded
115,159,medical_neglect,2023-03-02,indicated
115,472,physical_abuse,2023-03-02,unfounded
116,446,physical_abuse,2023-12-29,pending
117,337,physical_abuse,2023-04-16,indicated
117,337,emotional_abuse,2023-04-16,unfounded
117,206,sexual_abuse,2023-04-16,unfounded
117,36,emotional_abuse,2023-04-16,indicated
117,36,medical_neglect,2023-04-16,unfounded
118,47,sexual_abuse,2022-12-10,indicated
119,111,medical_neglect,2023-05-19,unfounded
119,111,neglect,2023-05-19,unfounded
119,193,neglect,2023-05-19,unfounded
119,215,emotional_abuse,2023-05-19,unfounded
119,215,medical_neglect,2023-05-19,indicated
120,160,physical_abuse,2023-04-09,indicated
120,160,medical_neglect,2023-04-09,unfounded
120,370,emotional_abuse,2023-04-09,unfounded
121,44,emotional_abuse,2024-11-17,pending
121,44,emotional_abuse,2024-11-17,pending
121,453,emotional_abuse,2024-11-17,pending
121,453,emotional_abuse,2024-11-17,unfounded
121,27,emotional_abuse,2024-11-17,unfounded
121,27,sexual_abuse,2024-11-17,unfounded
122,346,emotional_abuse,2023-02-09,unfounded
122,346,neglect,2023-02-09,indicated
123,227,emotional_abuse,2023-04-01,pending
123,339,sexual_abuse,2023-04-01,pending
124,227,sexual_abuse,2024-04-26,unfounded
124,213,sexual_abuse,2024-04-26,indicated
124,140,sexual_abuse,2024-04-26,unfounded
125,221,neglect,2024-05-20,pending
125,57,neglect,2024-05-20,pending
126,304,neglect,2024-03-20,indicated
126,304,medical_neglect,2024-03-20,indicated
126,250,sexual_abuse,2024-03-20,pending
126,270,educational_neglect,2024-03-20,unfounded
127,203,sexual_abuse,2023-01-20,unfounded
127,203,sexual_abuse,2023-01-20,pending
128,4,physical_abuse,2024-06-06,indicated
128,4,educational_neglect,2024-06-06,unfounded
129,485,educational_neglect,2024-03-25,indicated
129,109,neglect,2024-03-25,unfounded
129,109,sexual_abuse,2024-03-25,pending
130,168,sexual_abuse,2023-04-22,unfounded
130,168,emotional_abuse,2023-04-22,pending
130,62,medical_neglect,2023-04-22,unfounded
130,62,educational_neglect,2023-04-22,unfounded
131,221,emotional_abuse,2025-05-03,indicated
131,90,emotional_abuse,2025-05-03,unfounded
131,67,physical_abuse,2025-05-03,unfounded
132,257,emotional_abuse,2024-03-02,indicated
133,413,medical_neglect,2024-06-15,unfounded
133,182,educational_neglect,2024-06-15,unfounded
133,182,emotional_abuse,2024-06-15,unfounded
133,37,neglect,2024-06-15,unfounded
133,37,sexual_abuse,2024-06-15,unfounded
134,10,emotional_abuse,2024-03-31,indicated
134,236,physical_abuse,2024-03-31,indicated
134,236,emotional_abuse,2024-03-31,unfounded
135,220,medical_neglect,2023-11-21,unfounded
135,220,neglect,2023-11-21,indicated
135,294,physical_abuse,2023-11-21,pending
135,294,medical_neglect,2023-11-21,unfounded
135,208,sexual_abuse,2023-11-21,unfounded
136,59,emotional_abuse,2023-12-24,indicated
136,208,sexual_abuse,2023-12-24,unfounded
136,208,physical_abuse,2023-12-24,unfounded
137,411,emotional_abuse,2025-04-26,unfounded
137,411,educational_neglect,2025-04-26,unfounded
138,426,educational_neglect,2024-12-29,pending
138,426,medical_neglect,2024-12-29,unfounded
138,354,sexual_abuse,2024-12-29,indicated
138,354,medical_neglect,2024-12-29,unfounded
139,433,medical_neglect,2024-12-04,unfounded
139,55,physical_abuse,2024-12-04,unfounded
140,206,sexual_abuse,2024-06-22,indicated
140,269,emotional_abuse,2024-06-22,indicated
140,269,physical_abuse,2024-06-22,pending
140,41,neglect,2024-06-22,unfounded
140,41,medical_neglect,2024-06-22,pending
141,114,physical_abuse,2023-08-16,unfounded
141,114,emotional_abuse,2023-08-16,unfounded
141,171,sexual_abuse,2023-08-16,unfounded
142,325,educational_neglect,2024-11-30,pending
142,325,sexual_abuse,2024-11-30,unfounded
142,59,physical_abuse,2024-11-30,unfounded
142,272,educational_neglect,2024-11-30,indicated
143,373,neglect,2024-07-27,unfounded
143,491,neglect,2024-07-27,unfounded
143,491,physical_abuse,2024-07-27,indicated
144,53,neglect,2025-05-30,indicated
145,102,sexual_abuse,2023-06-12,unfounded
145,102,physical_abuse,2023-06-12,indicated
145,89,sexual_abuse,2023-06-12,indicated
146,39,emotional_abuse,2023-06-27,unfounded
146,91,sexual_abuse,2023-06-27,pending
146,488,physical_abuse,2023-06-27,unfounded
147,390,emotional_abuse,2023-12-01,indicated
147,390,emotional_abuse,2023-12-01,indicated
147,297,neglect,2023-12-01,unfounded
147,230,medical_neglect,2023-12-01,unfounded
148,320,emotional_abuse,2023-02-27,pending
148,320,educational_neglect,2023-02-27,unfounded
148,166,emotional_abuse,2023-02-27,unfounded
148,443,physical_abuse,2023-02-27,indicated
149,35,sexual_abuse,2023-06-10,unfounded
149,241,educational_neglect,2023-06-10,indicated
149,241,educational_neglect,2023-06-10,pending
150,408,physical_abuse,2025-06-03,unfounded
150,408,medical_neglect,2025-06-03,unfounded
150,141,medical_neglect,2025-06-03,indicated
150,141,physical_abuse,2025-06-03,indicated
151,260,sexual_abuse,2024-08-11,unfounded
151,260,physical_abuse,2024-08-11,indicated
151,38,physical_abuse,2024-08-11,unfounded
152,20,neglect,2023-06-01,indicated
152,20,emotional_abuse,2023-06-01,unfounded
152,30,medical_neglect,2023-06-01,pending
153,331,medical_neglect,2023-08-03,unfounded
153,331,emotional_abuse,2023-08-03,unfounded
154,305,emotional_abuse,2025-08-29,indicated
154,305,medical_neglect,2025-08-29,indicated
154,260,educational_neglect,2025-08-29,unfounded
154,197,sexual_abuse,2025-08-29,unfounded
155,459,sexual_abuse,2023-08-21,unfounded
155,459,educational_neglect,2023-08-21,indicated
155,22,emotional_abuse,2023-08-21,indicated
155,22,medical_neglect,2023-08-21,indicated
155,231,emotional_abuse,2023-08-21,pending
156,310,physical_abuse,2023-02-05,indicated
156,244,emotional_abuse,2023-02-05,unfounded
156,244,emotional_abuse,2023-02-05,indicated
157,231,educational_neglect,2025-09-26,unfounded
158,366,emotional_abuse,2023-10-19,unfounded
158,44,physical_abuse,2023-10-19,pending
159,21,sexual_abuse,2024-02-05,pending
160,225,educational_neglect,2023-08-02,unfounded
160,225,neglect,2023-08-02,pending
160,269,emotional_abuse,2023-08-02,pending
160,268,medical_neglect,2023-08-02,pending
160,268,neglect,2023-08-02,pending
161,470,neglect,2023-06-03,indicated
161,470,neglect,2023-06-03,unfounded
161,145,emotional_abuse,2023-06-03,indicated
161,145,emotional_abuse,2023-06-03,indicated
162,348,sexual_abuse,2024-07-14,pending
162,307,medical_neglect,2024-07-14,unfounded
163,172,emotional_abuse,2023-01-13,unfounded
163,34,neglect,2023-01-13,pending
163,169,emotional_abuse,2023-01-13,pending
163,169,sexual_abuse,2023-01-13,pending
164,146,physical_abuse,2024-07-16,indicated
164,146,emotional_abuse,2024-07-16,indicated
164,130,neglect,2024-07-16,unfounded
165,448,neglect,2024-03-29,indicated
165,448,educational_neglect,2024-03-29,indicated
165,77,sexual_abuse,2024-03-29,unfounded
165,171,emotional_abuse,2024-03-29,unfounded
165,171,emotional_abuse,2024-03-29,unfounded
166,470,neglect,2023-04-30,unfounded
167,496,educational_neglect,2023-01-18,unfounded
167,336,physical_abuse,2023-01-18,indicated
167,336,emotional_abuse,2023-01-18,indicated
168,67,physical_abuse,2025-08-10,unfounded
168,67,physical_abuse,2025-08-10,unfounded
168,305,medical_neglect,2025-08-10,unfounded
169,287,physical_abuse,2023-08-04,indicated
169,193,neglect,2023-08-04,pending
169,193,medical_neglect,2023-08-04,unfounded
170,344,physical_abuse,2023-11-20,unfounded
170,344,neglect,2023-11-20,unfounded
171,351,educational_neglect,2023-07-03,pending
171,468,physical_abuse,2023-07-03,unfounded
171,468,emotional_abuse,2023-07-03,unfounded
171,270,physical_abuse,2023-07-03,pending
171,270,physical_abuse,2023-07-03,unfounded
172,261,educational_neglect,2024-11-04,unfounded
172,186,emotional_abuse,2024-11-04,unfounded
173,93,educational_neglect,2023-02-24,unfounded
173,487,emotional_abuse,2023-02-24,indicated
174,99,emotional_abuse,2025-01-20,unfounded
174,99,neglect,2025-01-20,pending
174,116,neglect,2025-01-20,pending
175,152,physical_abuse,2025-08-14,unfounded
175,152,physical_abuse,2025-08-14,unfounded
176,395,physical_abuse,2023-07-25,indicated
176,395,physical_abuse,2023-07-25,pending
176,277,neglect,2023-07-25,pending
176,428,neglect,2023-07-25,unfounded
176,428,neglect,2023-07-25,pending
177,173,physical_abuse,2025-08-14,unfounded
177,173,educational_neglect,2025-08-14,unfounded
177,449,physical_abuse,2025-08-14,indicated
177,393,educational_neglect,2025-08-14,unfounded
178,79,educational_neglect,2025-04-20,unfounded
178,84,neglect,2025-04-20,unfounded
179,415,medical_neglect,2023-05-15,unfounded
179,415,neglect,2023-05-15,pending
179,463,sexual_abuse,2023-05-15,indicated
179,463,medical_neglect,2023-05-15,unfounded
179,85,medical_neglect,2023-05-15,unfounded
180,187,medical_neglect,2025-01-04,unfounded
180,347,emotional_abuse,2025-01-04,unfounded
180,347,neglect,2025-01-04,indicated
181,313,physical_abuse,2023-03-08,indicated
181,146,sexual_abuse,2023-03-08,unfounded
182,274,physical_abuse,2024-10-01,unfounded
182,274,neglect,2024-10-01,indicated
183,495,educational_neglect,2025-06-28,unfounded
183,495,sexual_abuse,2025-06-28,unfounded
183,415,emotional_abuse,2025-06-28,unfounded
184,348,emotional_abuse,2024-04-24,pending
184,485,neglect,2024-04-24,indicated
185,394,educational_neglect,2023-08-24,indicated
185,394,medical_neglect,2023-08-24,unfounded
185,145,neglect,2023-08-24,unfounded
185,145,neglect,2023-08-24,unfounded
186,215,emotional_abuse,2023-12-08,pending
186,495,medical_neglect,2023-12-08,pending
186,495,emotional_abuse,2023-12-08,pending
186,83,educational_neglect,2023-12-08,unfounded
187,27,sexual_abuse,2024-08-01,unfounded
187,329,medical_neglect,2024-08-01,unfounded
188,479,educational_neglect,2023-03-22,indicated
188,479,educational_neglect,2023-03-22,unfounded
188,53,educational_neglect,2023-03-22,indicated
188,53,educational_neglect,2023-03-22,pending
188,365,sexual_abuse,2023-03-22,unfounded
189,391,educational_neglect,2023-12-09,unfounded
190,231,educational_neglect,2023-11-17,unfounded
190,231,emotional_abuse,2023-11-17,indicated
190,464,sexual_abuse,2023-11-17,indicated
191,47,medical_neglect,2023-08-24,unfounded
191,485,emotional_abuse,2023-08-24,indicated
191,485,medical_neglect,2023-08-24,unfounded
192,477,medical_neglect,2024-03-18,pending
192,14,physical_abuse,2024-03-18,pending
193,258,medical_neglect,2023-05-29,unfounded
193,192,sexual_abuse,2023-05-29,indicated
194,192,educational_neglect,2024-05-10,pending
195,164,physical_abuse,2025-04-24,pending
195,164,medical_neglect,2025-04-24,indicated
196,333,neglect,2023-02-18,unfounded
196,172,sexual_abuse,2023-02-18,indicated
196,406,sexual_abuse,2023-02-18,pending
196,406,physical_abuse,2023-02-18,pending
197,470,emotional_abuse,2025-08-30,indicated
197,425,educational_neglect,2025-08-30,pending
198,389,physical_abuse,2025-06-24,unfounded
199,230,educational_neglect,2023-10-23,pending
199,230,sexual_abuse,2023-10-23,unfounded
199,316,sexual_abuse,2023-10-23,pending
200,132,educational_neglect,2024-07-06,indicated
200,132,neglect,2024-07-06,unfounded
201,281,educational_neglect,2025-05-21,indicated
201,281,sexual_abuse,2025-05-21,pending
202,271,physical_abuse,2025-07-18,pending
202,217,sexual_abuse,2025-07-18,pending
202,217,physical_abuse,2025-07-18,pending
202,57,medical_neglect,2025-07-18,indicated
203,25,educational_neglect,2025-08-06,unfounded
204,328,educational_neglect,2024-05-20,indicated
204,407,medical_neglect,2024-05-20,indicated
205,57,medical_neglect,2024-08-26,indicated
205,57,sexual_abuse,2024-08-26,unfounded
206,275,emotional_abuse,2025-08-28,indicated
206,9,neglect,2025-08-28,indicated
206,324,neglect,2025-08-28,indicated
206,324,physical_abuse,2025-08-28,indicated
207,74,educational_neglect,2024-11-30,pending
207,150,physical_abuse,2024-11-30,unfounded
207,220,neglect,2024-11-30,pending
208,293,medical_neglect,2024-06-07,unfounded
209,341,physical_abuse,2025-01-23,indicated
210,269,emotional_abuse,2023-02-12,unfounded
211,489,sexual_abuse,2025-02-16,unfounded
211,489,physical_abuse,2025-02-16,indicated
212,260,physical_abuse,2024-07-19,indicated
212,403,physical_abuse,2024-07-19,indicated
212,403,medical_neglect,2024-07-19,indicated
212,284,sexual_abuse,2024-07-19,unfounded
213,326,medical_neglect,2023-03-01,unfounded
213,326,emotional_abuse,2023-03-01,indicated
214,130,sexual_abuse,2024-05-02,indicated
214,383,neglect,2024-05-02,pending
214,383,sexual_abuse,2024-05-02,indicated
215,177,emotional_abuse,2023-09-14,unfounded
215,177,physical_abuse,2023-09-14,pending
216,337,emotional_abuse,2024-10-30,indicated
216,337,emotional_abuse,2024-10-30,indicated
216,322,physical_abuse,2024-10-30,unfounded
216,322,emotional_abuse,2024-10-30,unfounded
216,54,emotional_abuse,2024-10-30,unfounded
217,23,neglect,2025-02-16,pending
217,23,sexual_abuse,2025-02-16,indicated
218,174,medical_neglect,2024-11-07,unfounded
218,417,sexual_abuse,2024-11-07,unfounded
218,330,emotional_abuse,2024-11-07,indicated
218,330,sexual_abuse,2024-11-07,unfounded
219,246,sexual_abuse,2024-01-10,indicated
219,246,emotional_abuse,2024-01-10,unfounded
219,324,neglect,2024-01-10,indicated
219,324,sexual_abuse,2024-01-10,unfounded
219,94,educational_neglect,2024-01-10,unfounded
220,19,physical_abuse,2025-03-01,pending
220,19,physical_abuse,2025-03-01,indicated
220,151,neglect,2025-03-01,unfounded
221,454,medical_neglect,2025-08-17,unfounded
222,478,emotional_abuse,2024-01-09,unfounded
222,478,emotional_abuse,2024-01-09,unfounded
222,159,emotional_abuse,2024-01-09,unfounded
222,159,educational_neglect,2024-01-09,unfounded
223,243,emotional_abuse,2023-09-01,pending
223,243,emotional_abuse,2023-09-01,unfounded
223,130,educational_neglect,2023-09-01,unfounded
223,130,medical_neglect,2023-09-01,pending
223,19,emotional_abuse,2023-09-01,pending
224,442,neglect,2023-07-19,pending
224,400,medical_neglect,2023-07-19,unfounded
224,400,physical_abuse,2023-07-19,indicated
225,140,emotional_abuse,2024-08-28,unfounded
225,64,educational_neglect,2024-08-28,unfounded
225,64,sexual_abuse,2024-08-28,unfounded
226,381,educational_neglect,2025-05-06,unfounded
226,381,educational_neglect,2025-05-06,pending
226,226,educational_neglect,2025-05-06,unfounded
226,226,neglect,2025-05-06,pending
227,255,emotional_abuse,2024-05-29,unfounded
227,255,educational_neglect,2024-05-29,unfounded
228,189,physical_abuse,2025-03-14,unfounded
228,474,neglect,2025-03-14,unfounded
228,474,sexual_abuse,2025-03-14,indicated
229,373,educational_neglect,2024-01-30,indicated
230,221,sexual_abuse,2025-02-03,pending
231,280,educational_neglect,2025-07-16,indicated
231,280,physical_abuse,2025-07-16,unfounded
232,53,physical_abuse,2023-10-28,unfounded
232,53,medical_neglect,2023-10-28,unfounded
232,41,neglect,2023-10-28,unfounded
233,157,neglect,2023-05-15,indicated
233,229,emotional_abuse,2023-05-15,unfounded
233,229,educational_neglect,2023-05-15,unfounded
234,86,medical_neglect,2023-09-11,unfounded
234,354,emotional_abuse,2023-09-11,indicated
235,22,emotional_abuse,2025-05-20,unfounded
235,373,educational_neglect,2025-05-20,indicated
235,373,sexual_abuse,2025-05-20,indicated
236,141,medical_neglect,2022-12-07,indicated
236,141,sexual_abuse,2022-12-07,indicated
236,328,educational_neglect,2022-12-07,pending
236,328,neglect,2022-12-07,indicated
237,327,educational_neglect,2023-11-10,pending
237,208,physical_abuse,2023-11-10,pending
237,208,sexual_abuse,2023-11-10,unfounded
237,187,educational_neglect,2023-11-10,indicated
238,488,educational_neglect,2025-09-13,unfounded
238,488,sexual_abuse,2025-09-13,unfounded
239,435,physical_abuse,2023-06-01,unfounded
240,401,neglect,2023-01-09,indicated
240,401,neglect,2023-01-09,unfounded
240,225,educational_neglect,2023-01-09,pending
240,18,medical_neglect,2023-01-09,unfounded
240,18,emotional_abuse,2023-01-09,indicated
241,188,educational_neglect,2025-03-06,unfounded
241,188,emotional_abuse,2025-03-06,indicated
241,186,physical_abuse,2025-03-06,indicated
241,197,physical_abuse,2025-03-06,pending
241,197,educational_neglect,2025-03-06,indicated
242,348,physical_abuse,2023-05-05,indicated
243,191,physical_abuse,2023-09-28,indicated
243,191,medical_neglect,2023-09-28,pending
243,228,emotional_abuse,2023-09-28,unfounded
244,272,physical_abuse,2023-03-12,unfounded
245,161,neglect,2024-11-29,unfounded
245,333,physical_abuse,2024-11-29,indicated
246,14,emotional_abuse,2023-05-01,unfounded
246,14,emotional_abuse,2023-05-01,unfounded
247,256,educational_neglect,2024-10-13,indicated
248,468,neglect,2024-04-03,unfounded
248,288,neglect,2024-04-03,pending
248,288,emotional_abuse,2024-04-03,indicated
249,361,sexual_abuse,2023-01-22,indicated
249,229,sexual_abuse,2023-01-22,indicated
250,356,medical_neglect,2023-03-01,indicated
250,470,emotional_abuse,2023-03-01,pending
251,70,educational_neglect,2023-04-30,unfounded
251,70,neglect,2023-04-30,unfounded
252,89,neglect,2024-04-07,unfounded
252,461,neglect,2024-04-07,indicated
252,461,educational_neglect,2024-04-07,unfounded
253,415,neglect,2023-12-18,unfounded
254,342,medical_neglect,2024-05-24,unfounded
254,178,emotional_abuse,2024-05-24,pending
255,278,emotional_abuse,2025-04-14,unfounded
255,278,emotional_abuse,2025-04-14,unfounded
255,149,medical_neglect,2025-04-14,pending
255,149,emotional_abuse,2025-04-14,indicated
255,457,sexual_abuse,2025-04-14,indicated
255,457,educational_neglect,2025-04-14,indicated
256,475,sexual_abuse,2024-03-16,unfounded
256,475,physical_abuse,2024-03-16,unfounded
256,359,educational_neglect,2024-03-16,unfounded
256,359,emotional_abuse,2024-03-16,pending
256,327,medical_neglect,2024-03-16,unfounded
256,327,neglect,2024-03-16,unfounded
257,63,sexual_abuse,2023-03-30,indicated
257,63,neglect,2023-03-30,indicated
258,122,emotional_abuse,2024-05-27,unfounded
259,185,educational_neglect,2023-03-02,unfounded
259,185,physical_abuse,2023-03-02,pending
260,189,medical_neglect,2023-08-24,indicated
260,240,medical_neglect,2023-08-24,indicated
260,412,educational_neglect,2023-08-24,unfounded
260,412,physical_abuse,2023-08-24,indicated
261,34,emotional_abuse,2023-11-20,indicated
261,34,medical_neglect,2023-11-20,unfounded
262,368,medical_neglect,2025-08-11,indicated
262,368,emotional_abuse,2025-08-11,unfounded
262,369,neglect,2025-08-11,indicated
263,394,neglect,2022-12-31,indicated
263,394,educational_neglect,2022-12-31,unfounded
263,210,neglect,2022-12-31,pending
263,210,educational_neglect,2022-12-31,unfounded
264,498,educational_neglect,2023-12-13,unfounded
264,498,emotional_abuse,2023-12-13,indicated
265,38,medical_neglect,2024-10-01,unfounded
265,231,emotional_abuse,2024-10-01,indicated
265,231,educational_neglect,2024-10-01,unfounded
265,239,sexual_abuse,2024-10-01,unfounded
266,450,emotional_abuse,2023-01-14,pending
266,450,educational_neglect,2023-01-14,unfounded
267,301,educational_neglect,2024-07-31,indicated
267,94,sexual_abuse,2024-07-31,indicated
267,94,medical_neglect,2024-07-31,pending
267,394,educational_neglect,2024-07-31,unfounded
268,426,medical_neglect,2023-10-13,unfounded
269,79,physical_abuse,2024-04-27,indicated
269,156,neglect,2024-04-27,unfounded
269,156,sexual_abuse,2024-04-27,indicated
269,85,physical_abuse,2024-04-27,pending
269,85,emotional_abuse,2024-04-27,unfounded
270,178,emotional_abuse,2023-11-11,pending
271,434,physical_abuse,2024-03-15,indicated
271,41,physical_abuse,2024-03-15,unfounded
272,490,neglect,2024-03-22,unfounded
272,283,educational_neglect,2024-03-22,unfounded
272,283,neglect,2024-03-22,pending
272,141,sexual_abuse,2024-03-22,pending
273,274,sexual_abuse,2025-09-18,pending
273,274,physical_abuse,2025-09-18,unfounded
273,48,educational_neglect,2025-09-18,indicated
273,48,emotional_abuse,2025-09-18,indicated
273,258,educational_neglect,2025-09-18,pending
274,79,medical_neglect,2022-11-15,indicated
274,88,neglect,2022-11-15,unfounded
274,88,educational_neglect,2022-11-15,unfounded
274,338,physical_abuse,2022-11-15,unfounded
274,338,medical_neglect,2022-11-15,pending
275,432,educational_neglect,2024-09-12,unfounded
275,474,emotional_abuse,2024-09-12,unfounded
275,474,educational_neglect,2024-09-12,indicated
276,42,educational_neglect,2025-04-16,unfounded
276,42,educational_neglect,2025-04-16,indicated
277,395,physical_abuse,2024-06-01,unfounded
277,395,physical_abuse,2024-06-01,pending
277,296,neglect,2024-06-01,pending
277,296,sexual_abuse,2024-06-01,indicated
277,136,neglect,2024-06-01,unfounded
278,317,sexual_abuse,2023-06-29,pending
278,328,educational_neglect,2023-06-29,indicated
279,280,medical_neglect,2023-01-12,indicated
279,149,physical_abuse,2023-01-12,indicated
279,149,sexual_abuse,2023-01-12,unfounded
279,329,medical_neglect,2023-01-12,indicated
279,329,educational_neglect,2023-01-12,pending
280,208,sexual_abuse,2024-06-03,unfounded
280,153,medical_neglect,2024-06-03,unfounded
280,233,emotional_abuse,2024-06-03,indicated
281,226,sexual_abuse,2023-02-06,unfounded
281,226,sexual_abuse,2023-02-06,unfounded
282,238,medical_neglect,2023-01-07,unfounded
282,105,neglect,2023-01-07,unfounded
283,161,neglect,2023-04-05,unfounded
283,161,medical_neglect,2023-04-05,pending
284,376,sexual_abuse,2025-09-03,pending
284,376,physical_abuse,2025-09-03,unfounded
284,441,physical_abuse,2025-09-03,indicated
284,441,emotional_abuse,2025-09-03,indicated
285,390,physical_abuse,2025-04-01,indicated
285,390,medical_neglect,2025-04-01,unfounded
286,288,physical_abuse,2024-02-14,unfounded
286,288,educational_neglect,2024-02-14,unfounded
286,55,medical_neglect,2024-02-14,pending
286,164,sexual_abuse,2024-02-14,pending
286,164,medical_neglect,2024-02-14,pending
287,231,sexual_abuse,2024-07-12,unfounded
287,127,educational_neglect,2024-07-12,unfounded
287,127,physical_abuse,2024-07-12,indicated
288,149,sexual_abuse,2023-07-03,indicated
288,149,educational_neglect,2023-07-03,indicated
289,215,neglect,2024-05-28,unfounded
289,215,sexual_abuse,2024-05-28,unfounded
289,128,educational_neglect,2024-05-28,pending
289,493,educational_neglect,2024-05-28,indicated
290,161,educational_neglect,2024-01-20,unfounded
290,98,physical_abuse,2024-01-20,unfounded
290,391,educational_neglect,2024-01-20,indicated
290,391,emotional_abuse,2024-01-20,unfounded
291,256,educational_neglect,2023-09-14,indicated
291,256,physical_abuse,2023-09-14,unfounded
291,451,medical_neglect,2023-09-14,unfounded
292,47,sexual_abuse,2023-02-12,indicated
292,47,emotional_abuse,2023-02-12,indicated
293,235,sexual_abuse,2023-11-04,unfounded
293,235,emotional_abuse,2023-11-04,pending
293,495,neglect,2023-11-04,unfounded
293,495,medical_neglect,2023-11-04,unfounded
293,124,sexual_abuse,2023-11-04,unfounded
293,124,educational_neglect,2023-11-04,pending
294,26,educational_neglect,2023-05-21,pending
295,306,neglect,2023-12-01,unfounded
295,306,physical_abuse,2023-12-01,unfounded
295,452,medical_neglect,2023-12-01,pending
295,452,neglect,2023-12-01,unfounded
296,147,emotional_abuse,2023-10-19,unfounded
296,147,educational_neglect,2023-10-19,indicated
296,275,medical_neglect,2023-10-19,pending
297,69,emotional_abuse,2023-03-24,pending
297,452,sexual_abuse,2023-03-24,indicated
297,452,physical_abuse,2023-03-24,unfounded
298,392,physical_abuse,2024-04-02,unfounded
298,207,educational_neglect,2024-04-02,indicated
299,27,sexual_abuse,2024-01-20,pending
299,292,educational_neglect,2024-01-20,indicated
300,284,emotional_abuse,2024-05-12,indicated
300,148,educational_neglect,2024-05-12,unfounded
300,148,physical_abuse,2024-05-12,unfounded
